{"cameraMode":{"drawMode":0,"name":"Shaded","section":"Shading Mode"},"sceneLighting":false,"audioPlay":false,"sceneViewState":{"showFog":true,"showMaterialUpdate":false,"showSkybox":false,"showFlares":true,"showImageEffects":true,"showParticleSystems":true},"in2DMode":false,"pivot":{"x":4.706960678100586,"y":11.246928215026856,"z":-0.7113379240036011},"rotation":{"x":0.2768259346485138,"y":0.008647476322948933,"z":-0.0024928469210863115,"w":0.9608833193778992},"size":0.9291352033615112,"orthographic":false}