{"cameraMode":{"drawMode":0,"name":"Shaded","section":"Shading Mode"},"sceneLighting":false,"audioPlay":false,"sceneViewState":{"showFog":true,"showMaterialUpdate":false,"showSkybox":false,"showFlares":true,"showImageEffects":true,"showParticleSystems":true},"in2DMode":false,"pivot":{"x":7.369289398193359,"y":0.06577920913696289,"z":1.9806194305419922},"rotation":{"x":0.2955161929130554,"y":0.005731295794248581,"z":-0.0017744307406246663,"w":0.9553247094154358},"size":5.066709995269775,"orthographic":false}