{"cameraMode":{"drawMode":0,"name":"Shaded","section":"Shading Mode"},"sceneLighting":false,"audioPlay":false,"sceneViewState":{"showFog":true,"showMaterialUpdate":false,"showSkybox":false,"showFlares":true,"showImageEffects":true,"showParticleSystems":true},"in2DMode":false,"pivot":{"x":1.012047290802002,"y":-5.28334903717041,"z":11.672896385192871},"rotation":{"x":0.23708578944206239,"y":0.016028717160224916,"z":-0.003912268206477165,"w":0.9713488221168518},"size":7.737741470336914,"orthographic":false}