{"cameraMode":{"drawMode":2,"name":"Shaded Wireframe","section":"Shading Mode"},"sceneLighting":false,"audioPlay":false,"sceneViewState":{"showFog":true,"showMaterialUpdate":false,"showSkybox":false,"showFlares":true,"showImageEffects":true,"showParticleSystems":true},"in2DMode":false,"pivot":{"x":1.100000023841858,"y":0.03439399600028992,"z":0.5},"rotation":{"x":0.30766499042510989,"y":0.029965758323669435,"z":-0.009694819338619709,"w":0.9509754776954651},"size":0.707527756690979,"orthographic":false}