{"cameraMode":{"drawMode":0,"name":"Shaded","section":"Shading Mode"},"sceneLighting":false,"audioPlay":false,"sceneViewState":{"showFog":true,"showMaterialUpdate":false,"showSkybox":false,"showFlares":true,"showImageEffects":true,"showParticleSystems":true},"in2DMode":false,"pivot":{"x":7.092800140380859,"y":13.421669006347657,"z":0.8507363796234131},"rotation":{"x":0.3903331458568573,"y":-0.0008059510146267712,"z":0.000348414178006351,"w":0.920673131942749},"size":0.7477907538414002,"orthographic":false}