{"cameraMode":{"drawMode":0,"name":"Shaded","section":"Shading Mode"},"sceneLighting":false,"audioPlay":false,"sceneViewState":{"showFog":true,"showMaterialUpdate":false,"showSkybox":false,"showFlares":true,"showImageEffects":true,"showParticleSystems":true},"in2DMode":false,"pivot":{"x":0.8599998950958252,"y":0.16700001060962678,"z":-0.001999974250793457},"rotation":{"x":0.20254677534103394,"y":-0.5083691477775574,"z":0.1244051530957222,"w":0.8276843428611755},"size":0.24021658301353455,"orthographic":true}