{"cameraMode":{"drawMode":0,"name":"Shaded","section":"Shading Mode"},"sceneLighting":false,"audioPlay":false,"sceneViewState":{"showFog":true,"showMaterialUpdate":false,"showSkybox":false,"showFlares":true,"showImageEffects":true,"showParticleSystems":true},"in2DMode":false,"pivot":{"x":13.297615051269532,"y":0.866793692111969,"z":4.929081439971924},"rotation":{"x":0.026925746351480485,"y":-0.5556553602218628,"z":0.01800788752734661,"w":0.8307847380638123},"size":1.4278335571289063,"orthographic":true}