{"cameraMode":{"drawMode":0,"name":"Shaded","section":"Shading Mode"},"sceneLighting":false,"audioPlay":false,"sceneViewState":{"showFog":true,"showMaterialUpdate":false,"showSkybox":false,"showFlares":true,"showImageEffects":true,"showParticleSystems":true},"in2DMode":false,"pivot":{"x":6.745945453643799,"y":1.0415672063827515,"z":5.04667854309082},"rotation":{"x":0.13194847106933595,"y":0.09116142988204956,"z":-0.012174724601209164,"w":0.9869943261146545},"size":0.25166115164756777,"orthographic":true}