{"cameraMode":{"drawMode":2,"name":"Shaded Wireframe","section":"Shading Mode"},"sceneLighting":false,"audioPlay":false,"sceneViewState":{"showFog":true,"showMaterialUpdate":false,"showSkybox":false,"showFlares":true,"showImageEffects":true,"showParticleSystems":true},"in2DMode":false,"pivot":{"x":8.546854019165039,"y":1.1651687622070313,"z":5.406296730041504},"rotation":{"x":-0.057321831583976749,"y":-0.892359733581543,"z":0.1184794083237648,"w":-0.4317208528518677},"size":0.8929004073143005,"orthographic":true}