{"cameraMode":{"drawMode":0,"name":"Shaded","section":"Shading Mode"},"sceneLighting":false,"audioPlay":false,"sceneViewState":{"showFog":true,"showMaterialUpdate":false,"showSkybox":false,"showFlares":true,"showImageEffects":true,"showParticleSystems":true},"in2DMode":false,"pivot":{"x":4.720000267028809,"y":9.713278770446778,"z":3.2029333114624025},"rotation":{"x":0.03133435919880867,"y":0.10028150677680969,"z":-0.0031650105956941845,"w":0.9944698810577393},"size":9.291354179382325,"orthographic":true}