{"cameraMode":{"drawMode":2,"name":"Shaded Wireframe","section":"Shading Mode"},"sceneLighting":false,"audioPlay":false,"sceneViewState":{"showFog":true,"showMaterialUpdate":false,"showSkybox":false,"showFlares":true,"showImageEffects":true,"showParticleSystems":true},"in2DMode":false,"pivot":{"x":1.430764079093933,"y":0.37294673919677737,"z":-4.489069938659668},"rotation":{"x":0.04944838210940361,"y":-0.035652365535497668,"z":0.001766467117704451,"w":0.9981384873390198},"size":0.5048415064811707,"orthographic":true}