{"cameraMode":{"drawMode":2,"name":"Shaded Wireframe","section":"Shading Mode"},"sceneLighting":false,"audioPlay":false,"sceneViewState":{"showFog":true,"showMaterialUpdate":false,"showSkybox":false,"showFlares":true,"showImageEffects":true,"showParticleSystems":true},"in2DMode":false,"pivot":{"x":1.5202391147613526,"y":0.3570000231266022,"z":-4.534999847412109},"rotation":{"x":0.11660577356815338,"y":0.04645908996462822,"z":-0.005460329353809357,"w":0.9920774102210999},"size":0.22719168663024903,"orthographic":true}