{"cameraMode":{"drawMode":0,"name":"Shaded","section":"Shading Mode"},"sceneLighting":true,"audioPlay":false,"sceneViewState":{"showFog":true,"showMaterialUpdate":false,"showSkybox":true,"showFlares":true,"showImageEffects":true,"showParticleSystems":true},"in2DMode":false,"pivot":{"x":0.06636059284210205,"y":0.1897657811641693,"z":-0.5811545848846436},"rotation":{"x":0.023764673620462419,"y":0.43508756160736086,"z":-0.011488085612654686,"w":0.900012195110321},"size":1.1775734424591065,"orthographic":true}